{"properties":{"connectionReferences":{"shared_approvals":{"runtimeSource":"embedded","connection":{},"api":{"name":"shared_approvals"}},"shared_office365":{"runtimeSource":"embedded","connection":{},"api":{"name":"shared_office365"}},"shared_commondataserviceforapps":{"impersonation":{},"runtimeSource":"embedded","connection":{},"api":{"name":"shared_commondataserviceforapps"}}},"definition":{"$schema":"https://schema.management.azure.com/providers/Microsoft.Logic/schemas/2016-06-01/workflowdefinition.json#","contentVersion":"1.0.0.0","parameters":{"$connections":{"defaultValue":{},"type":"Object"},"$authentication":{"defaultValue":{},"type":"SecureObject"}},"triggers":{"When_a_row_is_added,_modified_or_deleted":{"type":"OpenApiConnectionWebhook","inputs":{"host":{"apiId":"/providers/Microsoft.PowerApps/apis/shared_commondataserviceforapps","connectionName":"shared_commondataserviceforapps","operationId":"SubscribeWebhookTrigger"},"parameters":{"subscriptionRequest/message":1,"subscriptionRequest/entityname":"new_expense","subscriptionRequest/scope":1,"subscriptionRequest/name":"fe45b610-bce4-eb11-bacb-000d3ab3d21d"},"authentication":"@parameters('$authentication')"}}},"actions":{"Start_and_wait_for_an_approval":{"runAfter":{},"type":"OpenApiConnectionWebhook","inputs":{"host":{"apiId":"/providers/Microsoft.PowerApps/apis/shared_approvals","connectionName":"shared_approvals","operationId":"StartAndWaitForAnApproval"},"parameters":{"approvalType":"Basic","WebhookApprovalCreationInput/title":"New expense submitted for approval: ","WebhookApprovalCreationInput/assignedTo":"Arman@armanzon123.onmicrosoft.com;","WebhookApprovalCreationInput/details":"Expense: \nDate: @{triggerOutputs()?['body/createdon']}","WebhookApprovalCreationInput/enableNotifications":true,"WebhookApprovalCreationInput/enableReassignment":true},"authentication":"@parameters('$authentication')"}},"Condition":{"actions":{"Apply_to_each":{"foreach":"@outputs('Start_and_wait_for_an_approval')?['body/responses']","actions":{"Send_an_email_(V2)":{"runAfter":{},"type":"OpenApiConnection","inputs":{"host":{"apiId":"/providers/Microsoft.PowerApps/apis/shared_office365","connectionName":"shared_office365","operationId":"SendEmailV2"},"parameters":{"emailMessage/To":"Arman@armanzon123.onmicrosoft.com","emailMessage/Subject":"Your expense request for  has been Approved","emailMessage/Body":"<p>Hi,<br>\n<br>\nYour expense request for has been <strong>Approved<br>\n</strong>Approver: @{items('Apply_to_each')?['responder/displayName']}<br>\nComments: @{items('Apply_to_each')?['comments']}<br>\n<br>\nThanks,<br>\nYour Approver</p>"},"authentication":"@parameters('$authentication')"}},"Update_a_row":{"runAfter":{"Send_an_email_(V2)":["Succeeded"]},"type":"OpenApiConnection","inputs":{"host":{"apiId":"/providers/Microsoft.PowerApps/apis/shared_commondataserviceforapps","connectionName":"shared_commondataserviceforapps","operationId":"UpdateRecord"},"parameters":{"entityName":"new_expenses","recordId":"@triggerOutputs()?['body/new_expenseid']","item/cr70b_approvalstatus":"Approved"},"authentication":"@parameters('$authentication')"}}},"runAfter":{},"type":"Foreach"}},"runAfter":{"Start_and_wait_for_an_approval":["Succeeded"]},"else":{"actions":{"Apply_to_each_2":{"foreach":"@outputs('Start_and_wait_for_an_approval')?['body/responses']","actions":{"Send_an_email_(V2)_2":{"runAfter":{},"type":"OpenApiConnection","inputs":{"host":{"apiId":"/providers/Microsoft.PowerApps/apis/shared_office365","connectionName":"shared_office365","operationId":"SendEmailV2"},"parameters":{"emailMessage/To":"Arman@armanzon123.onmicrosoft.com","emailMessage/Subject":"Your expense request for @{triggerOutputs()?['body/new_expensename']} has been Rejected","emailMessage/Body":"<p>Hi,<br>\n<br>\nYour expense request for @{triggerOutputs()?['body/new_expensename']} has been <strong>Rejected</strong><br>\nApprover: @{items('Apply_to_each_2')?['responder/displayName']}<br>\nComments: @{items('Apply_to_each_2')?['comments']}<br>\n<br>\nThanks,<br>\nYour Approver</p>"},"authentication":"@parameters('$authentication')"}},"Update_a_row_2":{"runAfter":{"Send_an_email_(V2)_2":["Succeeded"]},"type":"OpenApiConnection","inputs":{"host":{"apiId":"/providers/Microsoft.PowerApps/apis/shared_commondataserviceforapps","connectionName":"shared_commondataserviceforapps","operationId":"UpdateRecord"},"parameters":{"entityName":"new_expenses","recordId":"@triggerOutputs()?['body/new_expenseid']","item/cr70b_approvalstatus":"Rejected"},"authentication":"@parameters('$authentication')"}}},"runAfter":{},"type":"Foreach"}}},"expression":{"equals":["@outputs('Start_and_wait_for_an_approval')?['body/outcome']","Approve"]},"type":"If"}},"outputs":{}}},"schemaVersion":"1.0.0.0"}